FABP5,X00000053274,X00000037843,X00000059200,LOC719667,VSTM1,TNNT2,KIR3DL0,STARD8,RBM46,X00000064715,LOC709056,TMX2,TMEM38A,LOC701920,F2RL3,TARM1,CBS,X00000053012,LILRB1,DLK1,X00000064313,KRTAP29.1,LOC715623,ESR1,CFAP70,LOC702786,C5H4orf45,A1BG,TRIM16,MYH15,THRB,LOC114669850,USP31,SDK2,X00000060146,LTC4S,SMIM2,X00000064369,X00000060253,LAMC1,ZNF576,HEY1,X00000058729,HCN2,X00000059995,CTH,MAOA,X00000058427,X00000056965,NEIL2,LOC714118,ULK4,X00000061294,LOC114672915,CDH20,LOC100425242,WDR41,RWDD2A,LOC109910387,LAD1,X00000056036,AZU1,ITGA2,SPEF2,GUSBA,CD300LD,TMEM40,F5,TTC23L,protectionStatus
2.55713876271043,-4.82656552976362,3.50882482493031,-3.24160302904246,3.67726020823213,5.18046173713035,3.26619161115623,2.93498570268086,1.74329007856733,-1.36713391112632,2.43082231292903,-1.65664052832131,3.30786079045731,3.49986395735868,5.45304505128887,-0.73910268851328,1.96785033658649,-4.82656552976362,2.25025006728721,7.38501862331591,1.05607751959822,-4.82656552976362,-4.82656552976362,-2.01921060770602,0.599699224938478,3.01263825833332,-4.82656552976362,2.76589150750446,-3.24160302904246,-4.82656552976362,-1.65664052832131,-2.50463743487626,1.19580228326483,-0.434248106984859,-1.12612581162253,-4.82656552976362,0.788144314351588,-0.919674934155101,1.83164595298818,1.19580228326483,3.04995141680138,3.87733804368104,-4.82656552976362,-4.82656552976362,-0.434248106984859,-3.24160302904246,-3.24160302904246,0.845859812207876,0.728023321914018,-4.82656552976362,3.76214910581864,-0.578638016320034,2.43082231292903,-4.82656552976362,-1.12612581162253,0.0314154653639527,-4.82656552976362,3.70091147629678,2.13921875489847,6.30464837532265,0.530986474854464,-3.24160302904246,4.55497742142097,-0.071678027600151,-0.73910268851328,5.55172932614827,1.32318158974106,1.51328447312101,5.5452111145743,1.44022101093128,NonProt
3.22074416291547,3.12092141443755,2.58465317050847,4.21873343779432,4.22275208953171,5.80771459025287,-3.68213337018643,2.62164737799067,0.347613973207622,-0.312899560520711,1.14229506523012,0.159168883794512,2.95690580329052,3.23672986708816,5.89466587239709,-2.94516777602022,2.15075664397831,0.615547178454255,1.65176736636701,6.89812519731336,-2.45974094884998,-2.09717086946527,1.87245548149121,-2.94516777602022,0.224757225422088,-1.019168357464,-0.222701751549133,0.287492980770051,-2.45974094884998,0.0904561337104978,-1.019168357464,-3.68213337018643,1.44714964675854,0.755271942120868,1.10794356043934,-3.68213337018643,-0.623239681132861,0.565794143257156,2.34023444284202,1.74413138451567,1.44714964675854,3.60634824160779,-1.019168357464,-1.17963302965725,-5.26709587090759,1.03668487726952,0.287492980770051,0.224757225422088,1.95207264955458,-5.26709587090759,3.9641253098036,1.36226074917202,2.4540033177996,-2.09717086946527,-5.26709587090759,-0.0576425052786363,-3.68213337018643,4.53218575061434,3.05933361621472,4.25842493818748,-3.68213337018643,2.62164737799067,1.14229506523012,0.0183063479546622,-2.94516777602022,5.66880581136,0.755271942120868,1.87245548149121,6.22525807425228,-0.409114875780014,Prot
2.10173034973265,1.66404411150861,2.15467922968161,3.86408910132726,3.79905521590977,5.17244066884595,-4.63973663666849,2.93769219136725,0.218244358459078,-4.63973663666849,2.4998147157303,-1.1803050180312,3.35461680019036,3.37707165101806,5.80631277004806,-2.31780854178113,2.7781158782174,-0.247419213889734,3.22444950798579,7.50587713884489,-0.732846041059976,-1.83238171461089,3.85611839021868,-0.732846041059976,0.974973207446714,1.93011897166245,1.032688705303,-0.552273795418155,-1.1803050180312,-0.552273795418155,-4.63973663666849,-0.939296918527402,2.92250578755258,0.00411955310623014,1.46878782010967,-4.63973663666849,-2.31780854178113,0.218244358459078,3.55502021775375,0.786528118033603,1.33754328683142,3.39918235262381,-4.63973663666849,-3.05477413594734,-4.63973663666849,0.314459673718381,-3.05477413594734,1.46878782010967,1.29100070089439,-4.63973663666849,4.23370747584688,-1.46981163522618,3.24900661222976,2.34894805010367,0.115150865494974,1.29100070089439,-4.63973663666849,4.08477721645146,2.84407914059576,4.50746828827373,-1.46981163522618,3.52517029000719,1.19315337749625,0.404657482689959,-4.63973663666849,6.24367034971988,-0.116174680611482,1.73530279467843,5.77706089093757,-1.1803050180312,Prot
2.75312335952121,-0.482764904299462,2.78500742054099,0.82389643393459,5.77809274432146,4.90048463796093,-1.03025269960196,3.53140242762713,1.45913214113697,-4.73069241774305,-2.40876432285569,0.223503892643828,3.54077061016133,3.26366101911581,6.13890142549774,-1.56076741630074,1.74504101322335,-0.823801822134529,2.60022446037157,7.14005758560307,-0.338374994964287,-3.14572991702189,2.50771232158203,-0.338374994964287,0.554709801119201,-1.92333749568544,-0.207130461686035,0.884017426372161,-2.40876432285569,-1.03025269960196,-1.92333749568544,-4.73069241774305,-4.73069241774305,1.49812627275283,-0.643229576492708,-2.40876432285569,-0.0868362279683229,0.69557233695905,1.86922042444408,1.67869851839465,2.58219053754131,3.9593055536764,1.29167539528541,-4.73069241774305,-4.73069241774305,-0.482764904299462,-1.56076741630074,1.24658750575687,2.1641253455649,-4.73069241774305,4.16715303826246,-0.0868362279683229,2.75312335952121,-3.14572991702189,-1.56076741630074,0.554709801119201,-3.14572991702189,3.85050816418191,2.67018701853914,4.8410602257605,-0.823801822134529,3.00401720248279,3.34076994481358,0.69557233695905,-4.73069241774305,5.84011201998145,1.92751906500875,2.60022446037157,5.96017859154927,0.313701701615406,NonProt
0.137543358619755,-0.568725438323535,3.00989553552379,4.05679116074826,3.48255506662016,6.00910088111599,-1.35722133312982,3.15489060218365,1.1606269717328,-4.81665295176712,3.23319559768344,0.468749267095128,3.90102347129928,3.11998498723545,6.04365810315236,-1.11621323362603,3.32800529106476,1.59273798437058,2.79067736198249,8.32975661782066,-0.293090995710107,-2.00929802970952,-4.81665295176712,0.675200144562554,0.0413280433604517,1.897592565899,-4.81665295176712,-2.00929802970952,-1.64672795032481,-3.23169045104596,-0.909762356158602,-4.81665295176712,2.05371176781628,-0.293090995710107,2.19457430365613,-4.81665295176712,-0.42433552898836,0.609611802934978,4.66917635693478,1.11408438579577,1.48712779640998,3.77206168381514,0.0413280433604517,-0.568725438323535,-3.23169045104596,0.137543358619755,-2.49472485687976,1.65908047919928,1.84155853098467,-1.64672795032481,4.56055757862143,1.97776291458299,3.5187374029268,1.84155853098467,-1.35722133312982,0.675200144562554,-4.81665295176712,3.95483651773348,2.73024150812052,4.77018683619471,-1.11621323362603,4.66917635693478,2.07816481154082,0.392800413861829,-3.23169045104596,6.76407669983184,0.855772390204375,2.68319293531609,6.43186765317131,-1.11621323362603,Prot
2.05642263808826,-1.08862769471502,3.38585826964457,3.64138513880942,5.28641173663191,6.43674252776743,-4.78906741285611,2.91829171922477,1.1882125106438,-3.20410491213496,1.62032352328159,-0.882176817247594,2.93203177585107,4.35303964444644,5.80805401593346,-1.32963579421881,2.24435558868134,-2.46713931796875,2.52381554242824,8.29856116968235,0.883357929115383,-2.46713931796875,-4.78906741285611,-1.6191424114138,0.255326706502341,1.86914406989568,-4.78906741285611,0.568484591761972,-4.78906741285611,-3.20410491213496,-3.20410491213496,-4.78906741285611,2.46832042983654,1.04382260130863,-0.701604571605773,-3.20410491213496,0.340215604088854,-1.6191424114138,3.38585826964457,0.765521438821525,1.86914406989568,3.79964722272615,-1.32963579421881,-2.46713931796875,-4.78906741285611,0.702785683473562,-1.08862769471502,0.568484591761972,2.39084167715882,-4.78906741285611,3.42525170794465,1.04382260130863,2.19961727391605,1.55078259002851,-3.20410491213496,-0.265505456799099,-3.20410491213496,4.33246610448392,2.05642263808826,5.15198019348447,-1.98171249079851,1.62032352328159,2.5772548013897,0.340215604088854,-3.20410491213496,5.96331323369678,1.68666601811029,3.39580793005217,7.51385705176184,-1.6191424114138,NonProt
1.90909502331175,1.285062957912,2.24199423602012,0.367525118103977,4.71329995494571,5.90840655036102,-0.876400464782112,3.92279593388833,0.708562035939044,-0.876400464782112,2.37551790885751,-1.6648963595884,3.71802236518811,3.82111585815221,6.0043108346269,-2.31697305616809,2.20658889988892,-0.600766022168685,2.78856135800426,7.24226744784574,-0.266346983098126,-3.53936547750454,-5.1243279782257,0.00495503871926885,0.898039834802757,-2.31697305616809,-5.1243279782257,-1.42388826008461,-0.266346983098126,-1.03686513697536,-1.42388826008461,-3.53936547750454,2.77653882975505,1.21552202465893,0.00495503871926885,-5.1243279782257,-0.876400464782112,0.806409359337189,4.28293978601903,0.898039834802757,0.708562035939044,3.77955386751048,-0.170131667838823,-5.1243279782257,-5.1243279782257,0.43026087345194,-2.80239988333834,0.852951945274219,1.97370410473483,-3.53936547750454,3.90081158405281,1.5338835045261,2.87002545863316,-3.53936547750454,-0.732010555446937,1.02541914127898,-2.31697305616809,4.38544702610124,2.87002545863316,5.4158000603564,-0.480471788450973,-3.53936547750454,2.83567395384238,-0.266346983098126,-2.31697305616809,5.90426879884141,0.161074240636551,2.39137186005834,6.82804927374229,-0.732010555446937,NonProt
1.73260060001743,0.851245096516051,2.36708323658239,0.510208178680984,5.05864480337703,3.38904248915853,-2.65971682276133,4.01553456328893,1.39339451369823,-2.65971682276133,-0.0274486072618152,-0.458082961591678,3.38904248915853,3.30837392928393,5.7248511004125,-2.65971682276133,1.12687953912948,0.303757301213558,2.76654793194077,8.0384669214394,-1.81171991620638,-1.81171991620638,-4.98164491764869,-0.226757415485222,0.746275536914509,-0.226757415485222,-4.98164491764869,-1.52221329901139,0.303757301213558,-1.07475432204017,-1.2812051995076,-1.81171991620638,0.227808447980259,0.572943934028947,0.444619837053407,-3.39668241692753,-2.17428999559109,-0.458082961591678,4.48392148716071,1.61826792453844,1.04072289537976,3.88563382206097,-3.39668241692753,-4.98164491764869,-4.98164491764869,0.227808447980259,-3.39668241692753,1.35820508523593,1.88871980193471,-3.39668241692753,4.30144343537531,2.1782264191297,3.25197475911101,0.799714795875969,-0.0274486072618152,0.995635005851226,-3.39668241692753,4.58250457233704,2.77990631479579,4.94761349098828,-0.894182076398351,2.41923451863349,2.23752360281347,-1.2812051995076,-1.2812051995076,6.18011682565598,-0.0274486072618152,2.11638716531184,4.87788986873396,0.062749201709763,Prot
1.81659307081136,2.41842939009691,2.56707347145205,4.56959346343057,4.7313826812924,2.79090642714771,0.0510583244483852,3.81234359781,1.51572659145183,-2.27086977043898,0.451596254032114,-1.78544294326874,3.1419117548995,3.35556936625834,5.58087927097708,-0.505335024076,-4.59279786532634,0.692604353535909,2.20161800102377,7.45466690799208,-1.78544294326874,-2.27086977043898,2.62637065513582,0.361398445060536,1.13512258923686,-0.505335024076,-0.685907269717821,-4.59279786532634,-1.78544294326874,-0.685907269717821,-0.505335024076,-1.13336624668904,0.162089636837129,0.265183129801232,0.833466889375758,-3.00783536460518,-0.344870351882754,-0.200480442547579,4.54419324675389,1.07962747664516,1.67398867536856,3.55186037750554,-1.42287286388403,-2.27086977043898,-0.685907269717821,-0.0692359092693268,-3.00783536460518,0.961790986351298,1.81659307081136,-4.59279786532634,4.09720010609311,1.51572659145183,2.98463096270941,1.74705213755829,-0.505335024076,1.18856184819832,-3.00783536460518,4.40438161561128,2.77352434891948,10.0458077408924,-3.00783536460518,3.67866516257803,2.84183036231039,-1.42287286388403,-4.59279786532634,6.44406258134671,1.67398867536856,2.03655875475327,5.36865182907186,-1.13336624668904,Prot
2.68100063176806,2.92923803567377,1.79964512826668,3.21603790715754,3.9611085509608,4.89537923165774,-1.79620568859721,3.35538749007284,0.894109812270173,-2.93370921234715,1.6147274123489,0.0297649116277395,3.08865860068131,2.90926961944118,5.92985761697636,-2.4482823851769,-2.0857123057922,-2.4482823851769,2.58356648086244,6.82817440001837,0.101914697383575,-2.4482823851769,-5.25563730723451,-0.611781117459784,0.472283147328691,2.16221520765139,-5.25563730723451,-0.301440996847634,-3.67067480651335,-0.611781117459784,-1.00770979379092,-2.93370921234715,3.0527017229049,1.04814344094259,1.22009612373189,-3.67067480651335,-1.16817446598417,-0.397656312106937,2.8991808018176,1.40257417551729,1.48582967916664,3.75838316308043,-2.93370921234715,-5.25563730723451,-3.67067480651335,0.101914697383575,-3.67067480651335,0.416788034736987,2.19557380459782,-5.25563730723451,3.90170962812833,0.298951544443129,3.33307732834776,0.472283147328691,-1.55519758909342,1.56454165518068,-3.67067480651335,4.37553974846947,3.01582572066987,4.20174357183803,-2.0857123057922,2.29125715265313,0.472283147328691,-0.0461839416055589,-1.16817446598417,5.67436075537452,0.675100030328377,2.22817847002975,6.44696829487574,-0.126354290289542,Prot
1.68787869800777,1.15475512880624,2.14624362895072,-0.610779617556741,4.33220398063036,3.861708153906,-2.9327077124441,2.9596833134693,1.82217978971936,-2.9327077124441,2.43885115016786,-1.34774521172295,3.34899053765473,3.31141823083963,5.86365642569552,-1.55419608919037,-5.25463580733147,2.03998494156016,2.29225865255617,6.82451559809043,-2.08471080588915,-2.08471080588915,2.97898386942824,0.237217288998209,0.0307664115307823,-1.00670829388788,0.237217288998209,0.974182883164415,-1.79520418869417,-0.731073851274453,-2.44728088527386,-5.25463580733147,-5.25463580733147,-0.210241687973012,-0.499748305167998,-2.44728088527386,-1.34774521172295,-0.1253527903865,3.28063956928934,1.22109762363493,2.05824714795289,3.57508692775459,-1.79520418869417,-2.9327077124441,-3.66967330661031,0.473284647231733,-1.79520418869417,1.86430526539204,1.22109762363493,-5.25463580733147,3.43536216408798,1.28452300377657,3.37835938981149,0.0307664115307823,-1.16717296608113,0.811453383126306,-5.25463580733147,4.48851558678103,2.90018230172064,3.95237851284607,-1.79520418869417,2.35269450641814,2.03998494156016,-0.499748305167998,-1.16717296608113,5.9481002359187,2.62188113923353,2.89002243550042,5.97117413329208,-0.300439496944591,Prot
2.53313132172461,-1.41588474955659,3.79356861607236,0.368386559387975,5.27061577762663,6.37056640625077,0.771742253619184,2.44761325053855,1.48027943945887,-4.5858097509989,-4.5858097509989,-0.885370032857808,3.12154938108198,3.81933171213744,5.70995918342161,-0.678919155390382,3.87771462227228,-0.678919155390382,2.33305348627569,8.32801463940916,-0.498346909748561,-2.26388165611154,-4.5858097509989,-3.00084725027774,-0.498346909748561,2.59409933901603,-4.5858097509989,-4.5858097509989,-0.885370032857808,-1.7784548289413,-2.26388165611154,-2.26388165611154,-0.0622477949418875,0.968779100678737,-1.41588474955659,-4.5858097509989,-0.19349232822014,0.543473265946066,4.39432982664026,0.458584368359553,1.8899236799675,3.79356861607236,-0.885370032857808,-2.26388165611154,-1.7784548289413,-1.1263781323616,-1.7784548289413,2.23436921141629,2.18237457377803,-4.5858097509989,4.09014728194285,-0.678919155390382,3.48565261155772,1.34492758656399,-1.7784548289413,1.29683329836294,-4.5858097509989,3.48565261155772,1.78922968034802,4.24391298408716,-0.678919155390382,4.5148525880063,3.17574148144558,-1.7784548289413,-4.5858097509989,6.9145342182715,2.70881099789273,0.0580464387758245,6.89850967264537,1.24708026316584,NonProt
2.77418570167473,0.715852391358405,2.98645390573747,3.45351815299329,4.05587530669495,4.8566945684093,1.48056297600751,1.75045105288237,1.90586881074019,-4.38568563510366,2.54110451794257,0.137876320953355,2.73325543761985,3.54307946012762,5.25997279730505,-1.32679194605009,1.54505170245923,0.599207472506134,2.4000392709824,7.85460881568921,-0.926254016466361,-5.97064813582481,-5.97064813582481,-1.32679194605009,0.404391295522111,-1.21576063366135,-5.97064813582481,3.00376645398071,-4.38568563510366,-3.16329321376721,-2.27020841768372,-3.64872004093745,1.79090309661967,1.22902420901155,-2.8007231343825,-5.97064813582481,-0.544383381122716,2.10081422673181,4.1752840099957,0.438742800312888,2.22410871859743,3.75557002350738,1.01803655094735,-5.97064813582481,-1.01645182543794,-0.298222793853318,-0.242727681261615,0.333132612352289,0.333132612352289,-5.97064813582481,3.87953870182096,0.874841915119561,2.56462724079599,-5.97064813582481,-1.11266714069724,0.899716583758591,-5.97064813582481,3.9879045796062,2.51719189799824,4.89740271792034,-1.72272062238123,2.23392300842439,3.49083131146134,0.537146504373882,-5.97064813582481,6.12837085519442,0.899716583758591,3.94373699633063,5.72414501917514,-1.01645182543794,NonProt
1.42090223561214,0.402523706297284,2.39324589270927,-0.975987916956446,3.13392977512159,4.66208592022427,-4.88287851256496,3.05375942643761,1.38390802812994,-3.29791601184381,2.93090267865207,0.898481200959695,3.42546051757444,3.25154780765596,5.67649857796172,-1.18243879442387,1.62491612763373,-0.634950999121379,2.91802138735534,8.53695002651821,-2.07552359050736,-2.5609504176776,-4.88287851256496,-0.23902232279024,1.2256459442132,2.58472703751803,-4.88287851256496,-1.18243879442387,-0.23902232279024,-1.42344689392767,-2.07552359050736,-4.88287851256496,-1.42344689392767,-0.975987916956446,-4.88287851256496,-1.71295351112265,-1.18243879442387,-0.490561089786205,4.00890519065335,1.85858847383618,1.45697149031966,3.69076867492836,-2.07552359050736,-4.88287851256496,-3.29791601184381,-0.490561089786205,-3.29791601184381,1.68697709576598,1.71703432962216,-1.71295351112265,4.33870860869984,1.45697149031966,2.96887052885109,1.26686860693972,-2.07552359050736,0.402523706297284,-3.29791601184381,4.09726106507419,2.85183110766087,5.06694819819415,-2.5609504176776,3.9531718424931,3.59690175146413,-1.18243879442387,-1.42344689392767,6.22106491732659,0.671710339112673,1.85858847383618,5.54861909169309,0.326574853063985,Prot
2.36857311257854,2.02108838494544,2.42534220851104,0.373390128876318,4.8406696093363,4.64142521576848,1.08708594371968,2.62435170240954,2.0574607746104,-4.27046606089841,2.11611499233121,0.0272144877422783,3.16416216673832,2.90279465310716,5.5212395002381,-1.94853796601104,1.87928105860628,0.0272144877422783,2.0333146872787,7.29574657618901,-1.4631111388408,-2.68550356017725,-5.85542856161956,-1.21157237184484,0.411357979075338,1.56242395326633,-5.85542856161956,1.28412279077923,-2.39599694298227,-2.15498884347847,-1.76796572036922,-5.85542856161956,-5.85542856161956,1.03938920168838,-0.240718717504355,-5.85542856161956,-2.68550356017725,1.26351251110394,3.45972100063674,1.26351251110394,1.82405153788588,4.13467540223794,0.652366078579133,-0.901232251232688,-1.94853796601104,-0.81103444226111,-1.4631111388408,0.938987304730543,1.08708594371968,-5.85542856161956,3.97270792257454,-1.60750104817598,2.49771826387852,-4.27046606089841,-2.68550356017725,0.773928058460047,-3.5335004667322,4.31574823603221,2.71062547655153,4.31574823603221,-0.997447566491991,-5.85542856161956,2.81345642264668,1.06343467565503,-1.94853796601104,5.69868059095444,2.0574607746104,3.24523377738564,4.4078406387531,-0.0225385474548212,NonProt
0.918098704111683,2.46630265482272,2.91127743825567,3.33483649238037,3.92827050916897,5.11647424432959,-1.6398967490092,4.01990098463454,1.25626744000626,-1.6398967490092,2.20140550497174,-3.22485924973036,3.38493510397073,3.76382543704181,5.6048634853557,-4.80982175045152,2.69002413663169,-4.80982175045152,1.95836257432541,7.66109127582336,-0.417504327672756,-4.80982175045152,-4.80982175045152,-0.902931154842998,0.399631615177433,2.30911932227199,-4.80982175045152,1.02306826371323,-0.722358909201177,-0.165965560676792,-1.10938203231042,-4.80982175045152,1.12091558711137,0.547730254166567,0.0481592446760556,-4.80982175045152,-2.00246682839391,0.144374559935359,1.41899694004436,-2.48789365556415,1.93164523594963,3.72545362616929,-0.722358909201177,-2.48789365556415,-3.22485924973036,0.31946126649345,-2.00246682839391,0.475580468410732,0.399631615177433,-2.00246682839391,3.5344741574643,1.07282129891032,2.37008733956342,0.682031345878158,-0.902931154842998,1.25626744000626,-3.22485924973036,4.68403369878931,2.79750856329809,4.19860687161906,-2.00246682839391,2.50306120483284,2.17886293632065,-1.6398967490092,-1.35039013181422,6.41357666426011,2.13269275488772,2.03566830049286,5.4790443237143,0.144374559935359,Prot
2.4238279542746,-1.05358140529175,1.58828348666388,2.3784564465133,3.44378869600549,3.5580794168202,-1.51924497764056,4.19303635314505,0.717794219660289,-1.38800044436231,1.90221879079772,-0.867168281060867,3.17324598738504,1.95262374423496,5.6804273671958,-4.32659989969816,1.66586642761643,-3.10420747836172,3.03388143595859,6.75798706303618,-3.58963430553196,-2.21112268227823,-5.91156240041932,-4.32659989969816,1.32684233890576,-0.485297645717223,-5.91156240041932,1.43716575381176,-1.15667489825585,-2.45213078178202,-1.38800044436231,-3.10420747836172,0.531381095429408,0.531381095429408,0.856621924357606,-2.74163739897701,-3.58963430553196,0.564171030547077,3.16257906233318,3.06857717721984,1.58828348666388,3.69020838798839,-2.0046718048108,-0.554010395801237,-4.32659989969816,0.746649082332474,-1.51924497764056,-1.05358140529175,1.28810994441704,-3.58963430553196,4.28442489760919,2.26336328208136,3.7232486497524,-1.15667489825585,-1.82409955916898,1.71048941903706,-5.91156240041932,4.56315754610716,3.23054465688323,3.59821260390762,-2.45213078178202,2.4238279542746,0.278262158460697,0.746649082332474,-1.15667489825585,5.50787115028606,0.908616561995867,2.8730724451382,5.58479208814529,-0.296852556304113,Prot
2.37233123647528,-0.220366913025484,2.62633667650795,-0.0452802064673932,5.55080303448328,4.14961732320638,-2.852635128525,2.6771858180037,1.26838027243637,-5.17456322341236,-0.220366913025484,0.440146620702848,3.12464479497492,3.00036245908832,5.40192112338449,-3.5896007226912,1.56690376298879,-1.08710038216202,2.51892373408697,7.85005704134747,1.05425546708352,-5.17456322341236,-5.17456322341236,-1.08710038216202,0.497862118559136,-2.00463822197005,-5.17456322341236,-1.08710038216202,-1.08710038216202,-1.26767262780384,-1.08710038216202,-2.852635128525,0.847804589616095,0.891525967045413,-0.530707033637635,-3.5896007226912,0.380025628265278,1.05425546708352,2.89689913914426,1.45479339666725,1.64561573900283,3.62956779777096,-1.47412350527127,-5.17456322341236,-2.00463822197005,0.03489014221659,-3.5896007226912,0.847804589616095,1.45479339666725,-2.852635128525,4.31929222582846,1.05425546708352,2.20914106906169,0.847804589616095,-2.852635128525,0.6067964901123,-3.5896007226912,3.95729373719643,2.41789381385572,6.19230536275473,-0.782245800633599,3.16973268450346,2.06384151591272,-0.0452802064673932,-0.782245800633599,5.61252310113926,1.33323141678634,1.90225237363847,5.10736680354308,0.440146620702848,NonProt
2.56425966370278,-0.124653801057282,2.34828208192976,-0.0284384857979786,4.90153572292358,4.25337939571523,-2.66070670129749,1.58722081214609,2.0507882053526,-2.66070670129749,1.32114595199225,0.146648220760113,3.6283900011225,2.3302481590995,4.88927044147433,-2.66070670129749,2.4010694962892,-1.81270979474254,3.45615705639341,6.82028540240042,-0.0284384857979786,-2.66070670129749,-4.98263479618485,-1.81270979474254,1.39240463516207,2.63941702327152,-4.98263479618485,3.62099154880134,-1.28219507804376,-1.07574420057634,-4.98263479618485,-4.98263479618485,-4.98263479618485,0.632075047930354,-0.734707282741268,-1.81270979474254,-0.895171954934515,1.70386573099836,3.67914330158713,1.12588966059332,0.745285658378345,3.9975047814543,-2.66070670129749,-4.98263479618485,-1.52320317754756,-0.124653801057282,-0.227747294021385,0.571954055492784,2.00604989058731,-4.98263479618485,4.07535692657432,0.302767422677394,2.90610845271341,0.798724917339806,-1.28219507804376,-0.227747294021385,-2.17527987412725,3.80852809237016,2.91823201179589,5.55166808626978,-0.734707282741268,2.0285924592384,1.88772992339855,0.37491720843323,-0.734707282741268,5.88387141604135,2.0285924592384,2.85656899191209,4.3188613987977,-0.459072840127841,NonProt
2.56403392721218,0.58628673405931,3.12639499899621,3.88146997371414,4.01870080205813,4.37032058188229,-1.5689914914186,3.0104958792364,1.98280414536736,-3.44346060933474,-0.170442114928326,0.100859906889068,3.07486469835612,3.37671835308045,5.32582627188934,-2.22106818799829,1.20039558043998,-0.636105687277138,2.40620511758083,7.72500258908951,2.09051796266761,-0.940960268805559,3.63335498771609,-0.940960268805559,0.804466904108843,2.19074541040626,0.948856813444018,1.51073570105213,-2.22106818799829,-1.5689914914186,-2.70649501516854,-1.12153251444738,-5.0284231100559,0.854219939305943,-0.636105687277138,-5.0284231100559,0.100859906889068,1.03766608040187,3.22424232239435,-0.940960268805559,1.2753576381212,3.9630987360198,-0.780495596612313,-5.0284231100559,-1.85849810861359,-0.780495596612313,-1.32798339191481,0.699497344507301,1.4793715301428,-3.44346060933474,3.83885562965376,2.32030504417518,3.06433403086395,1.31142689282873,-1.12153251444738,-0.170442114928326,-3.44346060933474,4.21236822210606,2.26619763883573,5.94096341128638,-0.780495596612313,2.15148597995904,1.34661632129103,0.993944702972556,-3.44346060933474,5.66941324790648,2.15148597995904,3.27991592008351,5.72896689931074,0.329128894562185,NonProt
2.16451988269283,0.132098405000457,1.95806900522541,-0.157408212194528,3.90468790889738,4.21440875848519,-2.10494079230039,3.73516271209692,1.11007209867046,-4.912295714358,2.72432890618565,0.869063999166663,3.53478751185166,3.09332883483588,5.51501712977697,-3.32733321363684,0.579557381971678,0.21698730258697,2.73875597682093,6.57805379138129,-0.157408212194528,-1.74237071291568,-4.912295714358,-0.157408212194528,1.06498420914192,-1.00540511874948,-4.912295714358,0.869063999166663,-0.664368200914411,-2.59036761947063,-2.10494079230039,-4.912295714358,2.555309835725,0.579557381971678,-0.157408212194528,-2.59036761947063,-0.268439524583272,0.373106504504251,3.39604331578141,1.53064778149073,-0.0543147192304247,3.85257587637809,-0.664368200914411,-2.59036761947063,-3.32733321363684,-0.0543147192304247,-1.00540511874948,0.297157651270953,1.27752884452202,-2.59036761947063,4.23490921058423,1.06498420914192,2.92690807373895,1.7459157683938,-0.664368200914411,1.88212015199211,-4.912295714358,4.4028538478983,2.75304020282718,5.66229781297961,-1.74237071291568,2.91425277293292,0.21698730258697,-0.664368200914411,-1.00540511874948,5.93710938658976,-0.824832873107657,1.98252204894995,6.27938043199443,-0.0543147192304247,Prot
1.70340716166761,-0.000608010697307909,2.12201127596665,2.56089551719986,4.44820770249081,3.89381861934516,-2.14744939902658,3.12734472026969,0.599784530593454,-2.63287622619682,2.84609557883612,0.599784530593454,3.26919735311392,2.93393892781408,5.63109712860659,-3.36984182036303,-1.25436460294309,-1.78487931964187,2.73868263641514,6.72687333412551,-0.867341479833844,-2.14744939902658,-4.95480432108418,-3.36984182036303,0.826555392440476,2.65252599266543,-4.95480432108418,0.0895897982742702,-1.25436460294309,-1.25436460294309,-0.867341479833844,-3.36984182036303,1.865374641331,0.717621020887312,1.91556039849922,-4.95480432108418,-0.0968233259566111,-0.0968233259566111,3.60361639218448,2.22510476893075,1.38504568180044,3.82983052447334,-0.706876807640598,-2.63287622619682,-1.49537270244689,0.717621020887312,-2.63287622619682,0.402747683533901,0.927838728277658,-2.63287622619682,4.56286506704963,1.34897642709292,3.169316990745,0.975933016478703,-2.63287622619682,1.78666266531696,-4.95480432108418,4.55497068324275,2.9700081825216,4.18218679099605,-1.49537270244689,2.12201127596665,1.78666266531696,0.471460433617915,-1.49537270244689,6.09436355128799,1.06756349194427,2.94606248689657,5.69714428963926,-0.706876807640598,Prot
1.99862494461131,-3.23659151708272,2.8004978016525,2.5271741364272,3.88925241589547,5.0317555375998,0.387899347825073,3.03019502361218,2.16713066896829,-1.36212239916658,1.32819310170081,-2.01419909574627,2.91315560242196,3.60051074836894,5.32946252108837,-1.36212239916658,3.3533716646968,-0.429236595025117,2.75587481023187,7.20669741035892,-1.65162901636156,-2.01419909574627,-4.82155401780388,-2.49962592291651,0.535997986814207,-1.36212239916658,-4.82155401780388,0.793155826311331,-3.23659151708272,-0.914663422195358,-4.82155401780388,-4.82155401780388,-4.82155401780388,0.670299078525798,-3.23659151708272,-4.82155401780388,-2.49962592291651,0.132642292582999,1.28697043897429,0.535997986814207,2.62965709402845,3.70592298825652,2.23372841769731,-3.23659151708272,-3.23659151708272,0.222840101554577,-0.429236595025117,0.793155826311331,1.2445351726539,-4.82155401780388,3.71372135881693,1.20081379522458,2.45457038747036,-0.573626504360291,-3.23659151708272,0.222840101554577,-4.82155401780388,4.21461959474961,2.8437818993813,5.07174751305669,-3.23659151708272,1.2445351726539,2.5271741364272,0.793155826311331,-3.23659151708272,4.95816533733953,2.25526157924695,3.78207232718232,4.55998893338071,1.15572590569604,NonProt
2.27905699270727,1.42737973966437,1.82992629476001,-1.31512403804327,3.6883398172603,4.35294270532333,-5.01556375618436,3.58806258880183,-0.0613674457974854,-0.928100914934021,1.09296070059381,-0.6232463334056,3.3810410249975,2.88530305179639,5.7046805021032,-5.01556375618436,0.915173581378526,-1.84563875474205,3.06658528516951,6.9890078589833,-3.4306012554632,-1.31512403804327,3.50407249665885,-3.4306012554632,-0.6232463334056,2.33316439804672,0.476289340145314,-5.01556375618436,-5.01556375618436,-2.693635661297,-1.84563875474205,-1.55613213754706,2.27905699270727,0.113719260760606,-1.55613213754706,-2.20820883412676,-1.84563875474205,-0.0613674457974854,2.64977216100082,1.87925400712358,0.867079293177481,3.6174314409586,-0.928100914934021,-2.693635661297,-5.01556375618436,1.05052543427341,-2.693635661297,-0.0613674457974854,0.915173581378526,-2.693635661297,4.12142735589587,1.61379286389525,2.50013608209968,-5.01556375618436,-0.928100914934021,0.539025095493277,-5.01556375618436,4.7309505649541,3.22761022728859,4.21084843660442,-2.693635661297,-3.4306012554632,0.915173581378526,-0.371707566409636,-3.4306012554632,5.61105789617401,0.476289340145314,3.3810410249975,6.03224179782323,0.0288303631740928,Prot
2.07857651442838,2.91782315888432,2.37875005667522,2.42579862947965,4.40833472373817,4.67169446389308,-2.79916773552062,2.50095598904839,0.94499336004979,-1.66166421177069,-2.79916773552062,0.433493021269655,3.63044822868112,3.09322329039278,5.31457443052857,-3.53613332968683,2.19178712487637,-1.42065611226689,3.19631678335689,6.58064380826637,-0.873168316964397,-0.166899520021108,3.50461301265648,-1.42065611226689,0.660263883116677,-0.728778407629223,0.761547218953858,3.81848338390671,-1.95117082896567,-2.31374090835038,-1.42065611226689,-5.12109583040798,0.433493021269655,0.433493021269655,-0.0767017110495293,-5.12109583040798,-0.873168316964397,-0.728778407629223,2.03877550637041,2.37875005667522,1.0286512890967,3.77674962559753,-1.95117082896567,-2.79916773552062,-5.12109583040798,1.0286512890967,-1.95117082896567,1.77372193289996,1.64708849436894,-2.31374090835038,4.35260991921143,2.9068101661619,2.73065321100807,0.606824624155216,-0.728778407629223,0.606824624155216,-5.12109583040798,4.43157326710629,3.0235624124239,3.77068787281033,-1.66166421177069,1.6990831320072,1.74926888917542,0.551329511563513,-0.728778407629223,5.39558911890163,2.13629201228467,2.65369122919319,4.83455407712039,0.493614013707225,Prot
2.26769885237085,2.26769885237085,2.04719849037561,-0.197423878344299,4.87706666576029,2.82590862548632,1.16165721496053,3.68415562873503,1.16165721496053,-3.13602333368016,1.20975150316157,0.833603017276325,3.55047719350306,2.8863444793483,5.54930949207073,-3.13602333368016,-4.72098583440131,0.705278920300786,2.85644299363444,7.22189516275773,-1.91363091234371,-1.02054611626022,4.05050363509929,0.636566170216771,0.233210475985563,0.13699516072626,1.2562940890986,1.58279491377579,-1.02054611626022,-0.633522993150973,-4.72098583440131,-4.72098583440131,1.06037387912335,-0.0771296446265876,2.02048115199983,-4.72098583440131,-0.814095238792794,1.16165721496053,3.00011335430587,1.81817297670672,0.833603017276325,3.78283990359444,-4.72098583440131,-3.13602333368016,-2.39905773951395,0.564416384460936,-0.328668411622552,-0.328668411622552,1.30138197862714,-3.13602333368016,4.18890724936873,-0.328668411622552,2.97250112309801,1.11190417976343,-0.197423878344299,0.564416384460936,-4.72098583440131,3.96200874928037,2.59189712088304,5.48724852393848,-3.13602333368016,2.6099310437133,1.96551469278191,0.13699516072626,-1.02054611626022,5.90563581795706,0.564416384460936,2.74661971568169,5.11348521558291,-1.02054611626022,Prot
2.01698896864143,-1.41839717602922,2.62201709241669,-2.07047387260891,4.43732076758979,5.1235793997263,-0.629901281222927,2.32184355016985,-0.485511371887752,-4.87782879466651,0.331624570962437,0.903530918858147,2.36057594465857,2.7295015190831,5.7597017568588,-2.55590069977915,1.99253592491689,-0.122941292503044,2.87036405492295,7.59308423160836,-0.122941292503044,-2.55590069977915,-4.87782879466651,-2.07047387260891,-0.3542668386095,2.7295015190831,-4.87782879466651,1.05290854289637,-1.41839717602922,-3.29286629394536,-2.55590069977915,-0.970938199057994,1.59790463629989,-0.233972604891788,-1.41839717602922,-4.87782879466651,-1.41839717602922,1.0994511288334,-0.233972604891788,1.91658707168359,2.24111227805699,3.86700504283303,-2.55590069977915,-1.7079037932242,-2.55590069977915,1.35098989582937,-1.7079037932242,0.850091659896687,2.30208029534842,-1.41839717602922,4.52091489727168,0.676760057011125,2.9487196926244,-3.29286629394536,-2.07047387260891,-1.41839717602922,-3.29286629394536,4.52091489727168,3.38426605070367,8.68142878336862,-1.7079037932242,0.479723209951571,1.56511470118222,1.23069566211166,-2.55590069977915,4.83125501788383,0.331624570962437,3.30704654824177,5.07782111286186,0.903530918858147,NonProt
1.51431371248719,2.45460746636293,2.05081472425171,2.88480477281278,4.40113625791489,4.11864153807528,-2.95817405897555,4.2375672342709,0.501257559661748,-0.235708034504458,2.26679230602473,0.0774498507551722,3.00991669306971,3.51106073469211,5.53287731738857,-3.69513965314176,-3.69513965314176,0.00530006499933694,3.12503930927343,6.75228801500361,-2.95817405897555,-1.37321155825439,-5.28010215386291,-1.19263931261257,0.869644965641771,-0.325905843476036,-5.28010215386291,0.447818300700288,-1.57966243572182,-0.636245964088187,-0.0706487882339617,-3.69513965314176,2.69144140008786,0.211750942466763,0.334607690252297,-2.47274723180531,-0.150819136917945,-1.57966243572182,3.76702175825111,1.87976918291548,1.93906636659925,3.58717658584675,-2.1101771524206,-1.19263931261257,-2.47274723180531,0.697177769637005,-1.03217464041933,0.55278786030183,1.05974784902171,-3.69513965314176,4.06197251413623,1.66241235147633,2.60864109503535,-2.1101771524206,-0.636245964088187,0.742265659165543,-5.28010215386291,4.24932840028324,2.89482352863777,3.6177433021426,-1.37321155825439,1.59026256572049,1.02367859431419,0.274486697814726,-1.19263931261257,5.97669623221648,1.40639837332031,2.85432416635801,6.44398530793108,-0.150819136917945,Prot
2.14033005341092,3.31147819612267,2.16218948737466,3.93662978695953,4.85677647927031,4.22325101311094,-1.43366132948923,4.24901410917602,0.0611033622603444,-0.986202352518012,2.204939134834,0.151301171231923,3.29178239478175,2.52475956675937,5.7480556492847,-4.89309294812653,2.02577028914806,0.316360417502419,3.04354499087604,7.20986693778359,-4.89309294812653,-0.369530992069518,3.23102836370266,-0.805630106876191,0.392309270735718,0.392309270735718,0.236190068818436,0.661495903551107,-1.43366132948923,-2.57116485323917,-0.369530992069518,-4.89309294812653,0.392309270735718,0.533171806575567,-0.369530992069518,-3.30813044740537,-1.72316794668422,-0.249236758351806,4.40382325875276,2.02577028914806,0.939797066038211,3.64993887212871,-3.30813044740537,-0.986202352518012,-3.30813044740537,1.33572574236935,-0.249236758351806,0.392309270735718,0.533171806575567,-4.89309294812653,4.23361152471666,-1.43366132948923,3.28183273437415,0.779332393844965,-0.805630106876191,1.5498505477222,-4.89309294812653,4.44452895386598,2.71423736562308,4.4578462334199,-3.30813044740537,2.24645840427226,0.236190068818436,-1.19265322998544,-0.805630106876191,5.68150057921108,1.82115256953959,3.16760298356102,4.61271860579306,0.598760148203144,Prot
2.35299768516183,0.259338577947587,2.43316803384582,2.21466952861386,4.2702930348372,4.86612744112192,-0.705896003891736,3.94891048544353,2.3693921234125,-1.92828842522818,-2.77628533178313,0.832523910892389,2.46402899755058,2.63649619355534,5.43608945578413,0.0310695902744698,2.0413379257283,1.01031103010767,1.3775200042959,7.39839072790511,-2.77628533178313,-1.92828842522818,-5.0982134266705,-1.92828842522818,1.1685731140244,-1.01075058542016,-5.0982134266705,-5.0982134266705,-0.0538193073120434,-0.0538193073120434,-1.3977737085294,-5.0982134266705,2.25051472756058,0.516496417444712,-0.574651470613484,-5.0982134266705,0.259338577947587,-0.240232431542925,2.91859486101606,2.50911688707911,2.82659907693528,3.55642260185747,1.05153369283419,-2.77628533178313,-2.77628533178313,-0.144017116283622,-1.3977737085294,-0.705896003891736,1.3775200042959,-5.0982134266705,3.00507438174153,1.8206498106041,1.74727662427388,0.784429622691344,-2.77628533178313,1.61603209099563,-1.6387818080332,3.97056485131492,2.64997942291896,6.25438180446381,-2.29085850461289,2.08169566334444,1.79660433663745,0.832523910892389,-2.77628533178313,5.87691803025084,0.832523910892389,5.5519407870046,5.62031944939872,0.683146286854163,Prot
2.67722250791666,2.87921890082358,2.77397574079625,1.92909480746315,5.06117645776079,5.47980424103496,-3.17244321899891,-0.00251821755659566,1.30868347073771,-1.58748071827775,-0.233843763663051,-1.58748071827775,2.84992459402955,2.71019983036293,4.90259017270991,-0.509478206276479,2.16145751755453,1.50938082097484,2.4617628007421,8.00310633163728,1.0239539938046,-2.4354776248327,-4.75740571972006,-1.95005079766246,0.100575275407508,-1.58748071827775,-4.75740571972006,6.24329854929118,-4.75740571972006,-4.75740571972006,-4.75740571972006,-4.75740571972006,1.3511187370581,1.0239539938046,-1.58748071827775,-4.75740571972006,-0.509478206276479,1.68553777612866,1.26496209330839,0.600146284898019,2.89364597145886,3.63061156562507,0.857304124395144,-3.17244321899891,-3.17244321899891,-4.75740571972006,-0.509478206276479,1.07548429444468,1.3511187370581,-4.75740571972006,3.80864831845103,0.286988399638389,2.08808433122431,-4.75740571972006,-1.05696600157897,-0.233843763663051,-3.17244321899891,3.96710813339989,1.81244988861088,6.16814872015349,-4.75740571972006,1.75038892047863,0.970514734843135,2.20837856494202,-3.17244321899891,5.67617972143043,2.29787671578113,3.93259225169938,7.12714641426717,-0.365088296941304,NonProt
1.92839464672959,1.32267358584164,2.87948504624864,-3.20088837021538,4.83803061907693,5.35497889983647,0.499551347925715,3.0020516884549,1.81406197125059,-3.20088837021538,1.40397368794348,-0.878960275328015,2.61502856534565,3.10289237796173,5.10136974453185,-1.61592586949422,3.43815080326157,-3.20088837021538,1.32267358584164,7.97798392849307,-1.97849594887893,-2.46392277604917,-4.78585087093653,-4.78585087093653,0.343432146008433,2.10896689237141,-4.78585087093653,2.4902735343377,-2.46392277604917,-1.61592586949422,-0.537923357492948,-2.46392277604917,0.423602494692417,0.499551347925715,-0.393533448157773,-3.20088837021538,-1.32641925229924,1.23651694209192,0.942069583626666,1.14488646662635,5.5076207779016,3.52248815920287,2.3940582190784,-4.78585087093653,-3.20088837021538,-1.97849594887893,-0.698388029686194,0.0721301241910388,0.886574471034962,-4.78585087093653,3.06589817047952,1.55399913194809,2.37402046584186,0.571701133681551,-2.46392277604917,-0.537923357492948,-2.46392277604917,4.05649947247727,2.35370048146226,6.52419380871097,-0.0309633687730647,2.64877735670019,2.08451384864687,-0.698388029686194,-1.61592586949422,5.97653116777386,2.20283381583563,3.6021664144086,5.88745820462516,0.571701133681551,NonProt
1.87892181764694,0.390983771320648,3.37772767461838,-3.38160573257628,4.78330119409941,6.1812726603749,1.01071169020248,2.79498299914704,2.43431120298475,-3.38160573257628,0.0778258860610178,-0.211680731133967,2.78162461629202,3.50510698109461,5.36546831506422,-0.443006277240423,2.45128428158846,-0.211680731133967,2.41713605917662,7.85181422174372,-0.108587238169863,-1.26612851515634,-4.96656823329744,-0.574250810518675,0.866321780867306,3.43857322983891,-4.96656823329744,1.44282270284027,-3.38160573257628,-1.26612851515634,-1.05967763768892,-2.15921331123983,-0.574250810518675,1.14195622348073,-0.443006277240423,-4.96656823329744,1.26225045719845,2.1102473637534,0.761352221265764,1.90379648628597,4.12354418636685,3.48051499291222,-1.79664323185512,-2.64464013841007,-4.96656823329744,-0.879105392047096,0.70585710867406,1.44282270284027,1.01071169020248,-3.38160573257628,3.75110818976896,-0.574250810518675,2.48464287853489,0.318833985564813,-0.71864071985385,0.0778258860610178,-2.15921331123983,4.03061124764019,2.85998025399348,5.15625976151023,-0.574250810518675,1.60328737503351,2.19330310348095,2.15237283942607,-2.15921331123983,5.65456787997721,1.9759462720418,4.89916503755432,8.02442207023339,0.814791480227224,NonProt
2.88157798892073,-0.670217647865225,2.13713727419238,-0.0421864252521831,3.41724519338511,5.45343350100041,-2.54468676578137,1.65171044702214,2.83613501815956,-4.12964926650252,1.75299378285932,-0.42920954836143,1.29661548819958,3.53568665068265,5.61686505463594,1.36220382982715,2.88157798892073,-4.12964926650252,1.07980409912643,7.20406515959145,4.43640477166857,-4.12964926650252,-4.12964926650252,-1.32229434444492,-0.95972426506021,1.65171044702214,-4.12964926650252,5.77573773851561,-4.12964926650252,-4.12964926650252,-4.12964926650252,-1.80772117161516,0.118278246941063,2.02009785300216,-1.32229434444492,-4.12964926650252,0.999633750442444,3.37019662058068,0.914744852855931,-0.670217647865225,2.4702635756846,3.60506035372332,1.48506057761269,-1.32229434444492,-1.80772117161516,1.15575295235973,1.70324074766222,0.625238235660946,1.84763065699739,-4.12964926650252,3.87597528269136,1.42493958517511,2.09916942399336,-4.12964926650252,-4.12964926650252,-1.80772117161516,-4.12964926650252,3.95249977485135,1.89271854652593,7.21409165196968,-4.12964926650252,0.262668156276238,0.514206923272202,3.87597528269136,-4.12964926650252,4.79219167057197,1.36220382982715,5.8885509123107,7.63563683222116,5.51960691101479,NonProt
2.75347608622807,-2.3758069307169,2.70558139612375,-1.27627125716599,5.1263145010666,4.64814539102755,-1.09569901152417,3.65288850228357,0.83920596025395,-1.48272213463341,-1.27627125716599,-1.48272213463341,2.64338663451641,2.90959528814535,5.38574430172758,-0.428274350611036,1.38669375555644,-0.53930566299978,2.55154776745133,7.09325338911817,-2.3758069307169,-1.72373023413721,-5.1831618527745,-1.09569901152417,1.04565683772138,-1.27627125716599,-5.1831618527745,0.371426998903133,-1.27627125716599,-0.935234339330919,-1.48272213463341,-2.01323685133219,-2.01323685133219,0.371426998903133,-0.0538788358295381,-5.1831618527745,0.699481196587337,2.48217406441067,3.19621651429676,1.58502247200242,1.80552283399766,3.63382177048088,-0.325180857646932,-5.1831618527745,-2.3758069307169,-0.790844429995744,-1.09569901152417,1.00666270610551,0.966585266730177,-3.59819935205335,3.55493040684599,0.544758601788695,2.16556630145657,-5.1831618527745,-0.53930566299978,0.649728161390237,-0.935234339330919,3.9279738174602,2.93058031327468,6.36710395409424,-1.48272213463341,-5.1831618527745,2.18316036147131,1.38669375555644,-1.48272213463341,5.66936765662969,1.78262243188758,3.76228198360341,6.56209228918275,0.0262915128544453,NonProt
2.45115730848784,-1.84652324015285,2.7317446079943,-2.6945201467078,4.70635928957439,5.69004777646603,-0.624130818816399,4.58160425856644,1.80373072082003,-1.84652324015285,-1.84652324015285,0.027945877763294,2.96654533309915,3.4223436109831,5.37264528030931,-2.20909331953755,1.49134639860354,-0.158467246467587,2.16346084841978,7.53550028899784,-3.431485740874,-0.92898540034482,-5.01644824159516,-0.92898540034482,-0.0622519312082841,-0.768520728151574,-5.01644824159516,0.341103763022924,-2.20909331953755,-1.55701662295786,-2.20909331953755,-3.431485740874,-1.84652324015285,1.32340176128947,-1.31600852345407,-2.20909331953755,0.409816513106939,-0.0622519312082841,2.34987397265066,0.341103763022924,3.28275977679212,3.4388789787094,0.655977100376336,-3.431485740874,-1.84652324015285,-0.624130818816399,-1.55701662295786,0.027945877763294,1.13329887790952,-1.84652324015285,3.28275977679212,1.21237044890072,2.48339764548805,0.027945877763294,-0.372592051820435,0.112834775349807,-1.55701662295786,4.20029761660015,2.93191898998952,5.53718105232121,-2.20909331953755,-5.01644824159516,0.268953977267089,-0.372592051820435,-3.431485740874,5.91797979903164,2.49925159668888,2.59088207215445,7.75070167068969,0.112834775349807,NonProt
1.80934963417161,-2.03195261980933,2.85881831043591,-2.39452269919404,4.25139301275898,6.47628233629112,0.470547720719853,2.32950383926467,0.470547720719853,-3.61691512053049,1.78680706552052,-2.03195261980933,2.92224369057754,3.73181303370059,5.19793433807404,-3.61691512053049,1.71698561602295,-1.50143790311055,1.91706345147186,7.67329576567574,-2.39452269919404,-0.953950107808057,-5.20187762125164,-1.1144147800013,0.0835245976106058,0.155674383366441,-5.20187762125164,1.17316181009528,-1.50143790311055,-2.87994952636428,-1.74244600261435,-2.03195261980933,0.947869498253039,0.155674383366441,-1.29498702564312,-5.20187762125164,2.07424678402259,0.412832222863565,2.75812431081644,2.09274312763998,-0.67831566519463,3.3488691641316,-0.558021431476918,-0.953950107808057,-2.39452269919404,-0.953950107808057,-1.50143790311055,-0.558021431476918,-0.446990119088174,-5.20187762125164,3.16880978555558,-0.446990119088174,2.79247581560722,0.86421156920613,-1.74244600261435,1.10190312692546,-1.74244600261435,4.3924469826732,2.50548151082924,7.24856041114401,-1.1144147800013,2.58602493813979,2.90141018716038,0.224387133450455,-1.50143790311055,5.98732921334538,2.05551022144101,3.22857493041389,8.14116926004891,0.0835245976106058,NonProt
2.8699267649558,1.5012044585895,2.25079766108345,2.02683281992825,4.69904220575222,4.26253649754022,-3.42162768088804,4.62094370286359,0.774769531915461,-0.614272758830438,2.47722559565506,-0.0523938712223229,3.02131581496069,2.57083864642655,5.21136751625492,-1.09969958600068,1.53256862949883,-3.42162768088804,2.72811943861664,6.93775585252864,-1.5471585629719,-1.83666518016689,1.76159414316773,-2.19923525955159,1.14315693789548,2.11235089111431,0.4196745730929,0.665835160362297,-2.19923525955159,-3.42162768088804,-0.483028225552185,-5.0065901816092,-5.0065901816092,0.970689741890718,-5.0065901816092,-2.68466208672184,-0.919127340358858,1.53256862949883,3.41547458456361,0.876052867752643,0.721330272954001,3.23658380186375,-2.68466208672184,-2.68466208672184,-2.19923525955159,-0.483028225552185,0.4196745730929,-0.483028225552185,0.665835160362297,-1.30615046346811,2.99903436758468,1.62276643847041,2.34213797262188,-0.362733991834473,-0.483028225552185,0.485262914720477,-2.68466208672184,4.12526677899959,2.57083864642655,7.24932356772859,-1.30615046346811,1.2971905665679,0.826299832555544,0.665835160362297,-0.758662668165613,6.02614434697752,1.93592432373004,2.96495337234157,6.24548386118699,0.0378039377492553,Prot
1.8684144594903,1.90993372892857,2.40700699707342,3.63766111623944,4.34969831410979,3.90737348861,-5.22961762347023,2.54516943613095,0.920129496034456,-1.32272702786171,-1.52917790532913,0.44280771850127,2.65912562542803,2.0650031254214,5.62135052751221,-5.22961762347023,1.78160963195303,-1.52917790532913,2.8418447390864,7.28089931712448,-2.90768952858286,-1.77018600483293,3.31341419678501,-1.32272702786171,1.68924561380437,0.196647131231872,2.23798792661277,-5.22961762347023,-1.77018600483293,-3.64465512274907,-1.32272702786171,-5.22961762347023,0.44280771850127,0.701119714092661,-5.22961762347023,-2.05969262202791,-1.14215478221989,0.878906833307943,4.2919828162535,3.26623740341695,2.00878711585485,3.47428594997444,-5.22961762347023,-2.90768952858286,-3.64465512274907,-1.32272702786171,-2.05969262202791,-0.0201642578412761,1.84719797358061,-2.90768952858286,3.16698715771163,-1.14215478221989,2.51857522611923,0.262235472859449,0.603272390694516,1.30954118763781,-5.22961762347023,3.89708684937296,2.71874960811445,6.12848408397062,-2.42226270141262,1.84719797358061,-0.100334606525259,0.747662300029691,-1.32272702786171,5.67652137272515,-1.32272702786171,2.85253141788365,5.55092214400173,-0.981690110026641,Prot
